,Brand
0,Asus
1,Acer
2,Lenovo
3,Acer
4,Acer
5,HP
6,Lenovo
7,Lenovo
8,Lenovo
9,Acer
10,Asus
11,Lenovo
12,Acer
13,HP
14,Asus
15,HP
16,Asus
17,Acer
18,Dell
19,Asus
20,HP
21,Acer
22,Asus
23,Dell
24,Dell
25,Lenovo
26,Lenovo
27,HP
28,Asus
29,Asus
30,Lenovo
31,Asus
32,Asus
33,Dell
34,Lenovo
35,Acer
36,Lenovo
37,Acer
38,Dell
39,HP
40,Asus
41,Dell
42,Asus
43,HP
44,HP
45,Dell
46,HP
47,Acer
48,HP
49,Asus
50,Asus
51,Asus
52,Asus
53,Acer
54,Lenovo
55,Dell
56,Asus
57,HP
58,Asus
59,HP
60,HP
61,Asus
62,Acer
63,HP
64,HP
65,Asus
66,HP
67,HP
68,Asus
69,Asus
70,Dell
71,Acer
72,Acer
73,HP
74,Acer
75,HP
76,Dell
77,Asus
78,Asus
79,Asus
80,Acer
81,Dell
82,Acer
83,Acer
84,Dell
85,Dell
86,Dell
87,Dell
88,Asus
89,Lenovo
90,Lenovo
91,Dell
92,Lenovo
93,Lenovo
94,Dell
95,Lenovo
96,Acer
97,HP
98,HP
99,Dell
100,Asus
101,Dell
102,Asus
103,HP
104,Dell
105,Acer
106,Lenovo
107,Asus
108,Lenovo
109,Lenovo
110,Dell
111,Lenovo
112,Acer
113,Lenovo
114,Dell
115,Acer
116,HP
117,Lenovo
118,Dell
119,HP
120,HP
121,Asus
122,Acer
123,Lenovo
124,Dell
125,Asus
126,Acer
127,Asus
128,Acer
129,Acer
130,Lenovo
131,Acer
132,Asus
133,Acer
134,Lenovo
135,Lenovo
136,Asus
137,HP
138,HP
139,Acer
140,Dell
141,Acer
142,Asus
143,Asus
144,Asus
145,Asus
146,Asus
147,Lenovo
148,HP
149,Asus
150,Dell
151,Dell
152,Dell
153,Dell
154,Lenovo
155,Dell
156,Asus
157,Acer
158,Dell
159,Lenovo
160,Lenovo
161,Dell
162,Acer
163,Dell
164,Lenovo
165,HP
166,Asus
167,Lenovo
168,Dell
169,Asus
170,Dell
171,Dell
172,HP
173,Asus
174,Asus
175,HP
176,Lenovo
177,Dell
178,Acer
179,Dell
180,Dell
181,Lenovo
182,Dell
183,HP
184,HP
185,Asus
186,Acer
187,Dell
188,Dell
189,Lenovo
190,HP
191,Acer
192,Asus
193,HP
194,Asus
195,Lenovo
196,Lenovo
197,Dell
198,Acer
199,Asus
200,HP
201,Lenovo
202,Dell
203,Dell
204,Asus
205,Lenovo
206,Acer
207,Lenovo
208,Asus
209,Asus
210,Lenovo
211,Asus
212,Lenovo
213,HP
214,Lenovo
215,Lenovo
216,Asus
217,Asus
218,Dell
219,Dell
220,HP
221,Dell
222,Lenovo
223,Asus
224,Dell
225,Dell
226,HP
227,HP
228,Lenovo
229,Asus
230,HP
231,Dell
232,Asus
233,Asus
234,Dell
235,HP
236,Dell
237,Asus
238,Acer
239,Acer
240,Lenovo
241,Dell
242,Dell
243,Lenovo
244,Lenovo
245,Lenovo
246,Asus
247,Dell
248,Asus
249,Lenovo
250,Dell
251,Asus
252,Asus
253,Lenovo
254,Dell
255,Lenovo
256,Dell
257,Acer
258,HP
259,HP
260,HP
261,Lenovo
262,Acer
263,Dell
264,Asus
265,Dell
266,Asus
267,Dell
268,Acer
269,Asus
270,Lenovo
271,Dell
272,Dell
273,Asus
274,Lenovo
275,Lenovo
276,Acer
277,Lenovo
278,Lenovo
279,Lenovo
280,HP
281,Acer
282,Dell
283,Asus
284,Dell
285,Acer
286,Asus
287,Acer
288,Lenovo
289,Asus
290,Lenovo
291,Dell
292,Dell
293,Asus
294,Asus
295,Acer
296,Acer
297,Lenovo
298,Asus
299,Dell
300,Acer
301,Acer
302,Dell
303,Acer
304,Lenovo
305,Asus
306,Dell
307,Asus
308,Acer
309,Acer
310,Dell
311,Lenovo
312,HP
313,Dell
314,HP
315,HP
316,Lenovo
317,HP
318,HP
319,Lenovo
320,HP
321,HP
322,HP
323,Dell
324,Dell
325,Dell
326,Lenovo
327,Acer
328,HP
329,HP
330,Lenovo
331,HP
332,Dell
333,Acer
334,Asus
335,HP
336,Dell
337,Asus
338,Acer
339,Asus
340,Dell
341,Asus
342,Lenovo
343,Asus
344,HP
345,HP
346,Lenovo
347,Dell
348,HP
349,Acer
350,HP
351,HP
352,Dell
353,Asus
354,HP
355,Lenovo
356,Asus
357,Acer
358,Dell
359,Acer
360,Asus
361,Asus
362,Asus
363,Acer
364,Asus
365,Acer
366,Asus
367,Lenovo
368,Asus
369,Acer
370,HP
371,Asus
372,HP
373,Lenovo
374,Dell
375,Lenovo
376,Asus
377,HP
378,HP
379,Acer
380,HP
381,Acer
382,Dell
383,Asus
384,Acer
385,Dell
386,HP
387,HP
388,Dell
389,HP
390,Dell
391,Acer
392,Acer
393,Dell
394,Acer
395,Acer
396,Acer
397,Lenovo
398,Asus
399,HP
400,Lenovo
401,Acer
402,Dell
403,Acer
404,Asus
405,Acer
406,Dell
407,Asus
408,Acer
409,Asus
410,HP
411,HP
412,Acer
413,Asus
414,Dell
415,Acer
416,HP
417,HP
418,Acer
419,Asus
420,HP
421,Asus
422,HP
423,HP
424,Lenovo
425,HP
426,Dell
427,Acer
428,Acer
429,Asus
430,HP
431,Dell
432,Asus
433,Lenovo
434,Asus
435,Asus
436,HP
437,Lenovo
438,Asus
439,Dell
440,Dell
441,Acer
442,Lenovo
443,Lenovo
444,Acer
445,Asus
446,Lenovo
447,Dell
448,Dell
449,HP
450,Lenovo
451,Asus
452,Acer
453,Acer
454,Asus
455,HP
456,Acer
457,Lenovo
458,HP
459,Lenovo
460,Dell
461,HP
462,Acer
463,HP
464,HP
465,HP
466,HP
467,Lenovo
468,Dell
469,Asus
470,HP
471,Acer
472,HP
473,Acer
474,Lenovo
475,Acer
476,Asus
477,Dell
478,Acer
479,Acer
480,Dell
481,Asus
482,HP
483,Acer
484,Dell
485,Lenovo
486,Dell
487,Lenovo
488,Asus
489,HP
490,Dell
491,Acer
492,Asus
493,Dell
494,Acer
495,Dell
496,Lenovo
497,Dell
498,Dell
499,Dell
500,Asus
501,Dell
502,Acer
503,Lenovo
504,Lenovo
505,Dell
506,Asus
507,Asus
508,Acer
509,Dell
510,Lenovo
511,Asus
512,Dell
513,Asus
514,Asus
515,Lenovo
516,HP
517,Acer
518,Acer
519,Lenovo
520,Asus
521,Dell
522,Asus
523,Lenovo
524,Acer
525,Asus
526,Acer
527,Dell
528,Acer
529,Acer
530,HP
531,HP
532,HP
533,Acer
534,Lenovo
535,Acer
536,Lenovo
537,Lenovo
538,HP
539,Asus
540,Dell
541,HP
542,HP
543,Asus
544,Dell
545,Acer
546,Acer
547,HP
548,Dell
549,HP
550,Lenovo
551,HP
552,HP
553,Acer
554,Acer
555,Acer
556,Lenovo
557,Acer
558,Dell
559,Asus
560,Dell
561,Dell
562,Acer
563,Asus
564,Asus
565,Asus
566,Lenovo
567,Acer
568,Asus
569,Lenovo
570,HP
571,HP
572,Lenovo
573,Lenovo
574,Acer
575,Acer
576,HP
577,Asus
578,HP
579,Asus
580,Asus
581,Acer
582,Dell
583,Dell
584,Lenovo
585,Acer
586,Asus
587,Dell
588,Asus
589,Dell
590,Dell
591,Dell
592,Acer
593,HP
594,Asus
595,Acer
596,Acer
597,Acer
598,Acer
599,Acer
600,Lenovo
601,Asus
602,Acer
603,Asus
604,Lenovo
605,Lenovo
606,Asus
607,Dell
608,HP
609,Dell
610,Dell
611,Dell
612,Acer
613,Lenovo
614,Dell
615,Lenovo
616,Asus
617,HP
618,Asus
619,Asus
620,Acer
621,HP
622,Asus
623,Asus
624,HP
625,HP
626,Asus
627,HP
628,Asus
629,Asus
630,Acer
631,Dell
632,Asus
633,Lenovo
634,Dell
635,Dell
636,Dell
637,Acer
638,Asus
639,Acer
640,Asus
641,Acer
642,Acer
643,Lenovo
644,Acer
645,HP
646,Lenovo
647,Acer
648,Dell
649,HP
650,HP
651,HP
652,Lenovo
653,Acer
654,Acer
655,Dell
656,Dell
657,HP
658,Dell
659,Lenovo
660,Acer
661,HP
662,Dell
663,Lenovo
664,Lenovo
665,Dell
666,Acer
667,Dell
668,HP
669,Dell
670,Lenovo
671,Dell
672,Acer
673,Asus
674,Dell
675,Acer
676,Acer
677,Lenovo
678,Acer
679,Acer
680,Acer
681,Acer
682,HP
683,HP
684,Lenovo
685,Dell
686,Acer
687,Dell
688,Dell
689,Lenovo
690,Acer
691,Acer
692,Asus
693,Dell
694,Dell
695,HP
696,Asus
697,HP
698,HP
699,HP
700,Lenovo
701,Lenovo
702,HP
703,Asus
704,Dell
705,Asus
706,Acer
707,Lenovo
708,Dell
709,Dell
710,Acer
711,Acer
712,HP
713,Lenovo
714,Lenovo
715,Asus
716,HP
717,HP
718,HP
719,HP
720,Lenovo
721,Lenovo
722,HP
723,Asus
724,Dell
725,Dell
726,Asus
727,HP
728,Lenovo
729,Dell
730,Acer
731,Acer
732,Asus
733,HP
734,Dell
735,HP
736,Dell
737,Asus
738,Asus
739,Acer
740,HP
741,Acer
742,HP
743,Acer
744,Lenovo
745,Lenovo
746,Lenovo
747,Lenovo
748,Dell
749,Lenovo
750,Asus
751,Asus
752,Dell
753,Lenovo
754,Lenovo
755,Lenovo
756,Acer
757,HP
758,Acer
759,HP
760,Lenovo
761,Lenovo
762,Acer
763,Acer
764,HP
765,Asus
766,HP
767,Acer
768,Acer
769,Dell
770,Acer
771,Dell
772,Asus
773,HP
774,HP
775,Dell
776,HP
777,Acer
778,Lenovo
779,Dell
780,HP
781,Dell
782,Dell
783,Lenovo
784,Acer
785,Dell
786,HP
787,Asus
788,Dell
789,Dell
790,Lenovo
791,Acer
792,Asus
793,HP
794,Asus
795,HP
796,Acer
797,HP
798,Lenovo
799,Lenovo
800,Lenovo
801,Lenovo
802,Asus
803,Acer
804,HP
805,HP
806,Lenovo
807,Lenovo
808,Dell
809,Acer
810,Asus
811,HP
812,Dell
813,Dell
814,HP
815,Asus
816,Dell
817,Dell
818,Acer
819,Asus
820,Dell
821,Asus
822,HP
823,Lenovo
824,Dell
825,Acer
826,HP
827,Asus
828,HP
829,Dell
830,Asus
831,Lenovo
832,HP
833,Dell
834,Acer
835,Asus
836,HP
837,HP
838,Lenovo
839,Lenovo
840,Acer
841,Acer
842,Dell
843,Dell
844,Acer
845,Acer
846,Asus
847,Lenovo
848,Dell
849,Lenovo
850,Lenovo
851,Acer
852,Asus
853,HP
854,Asus
855,Asus
856,Lenovo
857,Asus
858,Dell
859,Lenovo
860,Dell
861,HP
862,Lenovo
863,HP
864,Lenovo
865,Acer
866,Asus
867,Acer
868,HP
869,Asus
870,Lenovo
871,Asus
872,Dell
873,Asus
874,Dell
875,Asus
876,Dell
877,HP
878,Acer
879,Lenovo
880,Asus
881,Acer
882,Lenovo
883,Lenovo
884,Dell
885,HP
886,HP
887,Acer
888,HP
889,Asus
890,HP
891,Acer
892,HP
893,Asus
894,Dell
895,Acer
896,Dell
897,Dell
898,Dell
899,Lenovo
900,Lenovo
901,Dell
902,Acer
903,Asus
904,Asus
905,HP
906,Acer
907,Lenovo
908,Dell
909,HP
910,Asus
911,Lenovo
912,Lenovo
913,Dell
914,Asus
915,Acer
916,Lenovo
917,Dell
918,Acer
919,Asus
920,Lenovo
921,Acer
922,Acer
923,Acer
924,Lenovo
925,Lenovo
926,HP
927,Asus
928,Dell
929,Acer
930,HP
931,Dell
932,HP
933,Lenovo
934,Acer
935,Dell
936,Dell
937,Dell
938,Dell
939,Dell
940,HP
941,Acer
942,Lenovo
943,Lenovo
944,Lenovo
945,Lenovo
946,HP
947,Asus
948,Acer
949,Dell
950,Asus
951,Lenovo
952,Asus
953,Acer
954,Dell
955,Dell
956,Acer
957,Acer
958,Lenovo
959,Dell
960,Asus
961,HP
962,HP
963,Acer
964,Lenovo
965,HP
966,Dell
967,Acer
968,Asus
969,Acer
970,Asus
971,Acer
972,Acer
973,Acer
974,Asus
975,Asus
976,Acer
977,HP
978,Lenovo
979,Lenovo
980,Lenovo
981,Asus
982,Asus
983,HP
984,Lenovo
985,Lenovo
986,Acer
987,Asus
988,Lenovo
989,HP
990,HP
991,Lenovo
992,Asus
993,HP
994,Acer
995,HP
996,Dell
997,Dell
998,Asus
999,Lenovo
